Page,Section,Content
8,Core Terms,"manufacturers, retailers, co-operation, style, dress, garments, copies, percent, piracy, prices, declaration, anti-trust, 
pirating, regulations, ladies', evils, purposes, merchandise, registered, measures, restrain, by-laws, selling, 
preliminary injunction, interstate commerce, original design, conditions, injunctive, originator, provisions
"
17,Core Terms,"asphalt, bid, signatory, prices, vendors, government body
"
21,Core Terms,"road tar, bid, signatory, prices, vendors, government body
"
24,Core Terms,"bituminous, concrete, bid, prices, signatory, vendor, government body
"
28,Core Terms,"damages, losses, reasonable attorney's fees, attorney's fees, anti trust law, spent, antitrust, recovered, 
disbursements, prepare, cases"
31,Core Terms,"alarm, monopolize, central station, accredited, alarm company, Sherman Act, subscribers, monopolistic, prices, 
antitrust, markets, enterprises, acquisitions, automatic, customers, protective services, restraint of trade, 
installation, relevant market, burglar alarm, defendants', affiliated, charges, manufactured, competitors, interstate, 
effective, station, courts, attempt to monopolize"
31,Headnotes,"Antitrust & Trade Law > Regulated Practices > Monopolies & Monopolization > General Overview
Antitrust & Trade Law > Sherman Act > General Overview"
31,HN1[,"Antitrust & Trade Law > Sherman Act > General Overview
Civil Procedure > Remedies > Injunctions > Permanent Injunctions"
31,HN2[,Antitrust & Trade Law > Sherman Act > General Overview
32,HN3[,"Antitrust & Trade Law > ... > Monopolies & Monopolization > Actual Monopolization > General Overview
Antitrust & Trade Law > Sherman Act > General Overview"
32,HN4[,Antitrust & Trade Law > ... > Monopolies & Monopolization > Actual Monopolization > General Overview
32,HN5[,"Antitrust & Trade Law > Sherman Act > Remedies > General Overview
Antitrust & Trade Law > ... > Monopolies & Monopolization > Attempts to Monopolize > General Overview
Antitrust & Trade Law > Sherman Act > Scope > Monopolization Offenses
Antitrust & Trade Law > ... > US Department of Justice Actions > Civil Actions > Injunctions
Civil Procedure > ... > Defenses, Demurrers & Objections > Affirmative Defenses > Laches"
46,Core Terms,"consignment, gasoline, retail, conspiracy, purchaser, dealers, prices, Robinson-Patman Act, Sherman Act, antitrust, 
petroleum product, treble damages, decisions, cases, restraint of trade, summary judgment, instant case, 
consignee, vertical, genuine, station, lease, recent decision, resale price, retroactively, purposes, asserts"
46,Headnotes,Antitrust & Trade Law > Clayton Act > General Overview
,,
46,HN1[,"Antitrust & Trade Law > Regulated Practices > Price Fixing & Restraints of Trade > General Overview
Antitrust & Trade Law > Sherman Act > General Overview"
46,HN2[,"Antitrust & Trade Law > Robinson-Patman Act > General Overview
Antitrust & Trade Law > Regulated Practices > Price Discrimination > General Overview"
47,HN3[,"Page 2 of 10
 
Civil Procedure > ... > Subject Matter Jurisdiction > Jurisdiction Over Actions > General Overview
Constitutional Law > The Judiciary > Jurisdiction > General Overview"
47,HN4[,"Civil Procedure > ... > Summary Judgment > Supporting Materials > General Overview
Civil Procedure > Judgments > Summary Judgment > Partial Summary Judgment"
47,HN5[,Governments > Legislation > Effect & Operation > Prospective Operation
47,HN6[,"Governments > Legislation > Effect & Operation > Prospective Operation
Patent Law > Remedies > Damages > Increased Damages
Torts > Business Torts > General Overview"
47,HN7[,"Antitrust & Trade Law > Sherman Act > General Overview
Antitrust & Trade Law > ... > Price Fixing & Restraints of Trade > Cartels & Horizontal Restraints > General 
Overview
Antitrust & Trade Law > ... > Price Fixing & Restraints of Trade > Vertical Restraints > General Overview"
48,HN8[,Antitrust & Trade Law > ... > Price Fixing & Restraints of Trade > Vertical Restraints > General Overview
48,HN9[,"Antitrust & Trade Law > ... > Price Fixing & Restraints of Trade > Vertical Restraints > General Overview
Contracts Law > Types of Contracts > Lease Agreements > General Overview
International Trade Law > General Overview"
56,Core Terms,"Counts, propane, plaintiffs', antitrust, discretionary power, trial judge, Sherman Act, conspiracy, infrequent, 
discovery, piecemeal, terminate, weighing, appeals, delayed, parties, harsh
"
59,Core Terms,"Wire, Anti-Trust, deposition, interstate commerce, Sherman Act, motion to dismiss, venue, federal statute, raw 
material, applicability, plaintiffs', pleadings, cases, continuance, restraint of trade, co-defendant, documents, 
commerce, balum"
59,Headnotes,"Antitrust & Trade Law > ... > Monopolies & Monopolization > Attempts to Monopolize > General Overview
Antitrust & Trade Law > Sherman Act > General Overview"
,,
59,HN1[,Antitrust & Trade Law > ... > Monopolies & Monopolization > Attempts to Monopolize > General Overview
59,HN2[,"Even when the illegal acts are of a local nature but affect 
the stream of interstate commerce there might be found a violation of the antitrust laws
Antitrust & Trade Law > Public Enforcement > State Civil Actions"
60,HN3[,"Civil Procedure > ... > Responses > Defenses, Demurrers & Objections > Motions to Dismiss"
60,HN4[,Governments > Legislation > Interpretation
60,HN5[,"Civil Procedure > Preliminary Considerations > Venue > Corporations
Civil Procedure > Preliminary Considerations > Venue > General Overview"
60,HN6[,"Civil Procedure > Preliminary Considerations > Venue > Corporations
Civil Procedure > Preliminary Considerations > Venue > General Overview
Civil Procedure > ... > Venue > Federal Venue Transfers > General Overview"
60,HN7[,Civil Procedure > ... > Discovery > Methods of Discovery > Inspection & Production Requests
67,Core Terms,"Hockey, players, League, contracts, teams, injunctive relief, playing, season, anti trust law, probability, games, 
injunction, By-Laws, league team, hardship, appears, Cooper, salary, irreparable harm, provisions, ending, sport, 
two year, negotiations, restraining, television, amateur, terms"
67,Headnotes,Civil Procedure > ... > Injunctions > Grounds for Injunctions > General Overview
,,
67,HN1[,"Antitrust & Trade Law > Regulated Industries > Sports > Baseball
Antitrust & Trade Law > Regulated Industries > Sports > General Overview"
67,HN2[,Civil Procedure > ... > Injunctions > Grounds for Injunctions > General Overview
75,Core Terms,"bowling, League, Robinson-Patman Act, tournament, summary judgment, discriminatory, terms, defendants', 
retirement, antitrust, parties, plaintiff's claim, customers, differing, reveals, balls, price discrimination, establishment, 
commodities, facilities, provisions, undisputed, discount, retail"
75,Headnotes,"Antitrust & Trade Law > ... > Price Discrimination > Competitive Injuries > General Overview
Antitrust & Trade Law > Regulated Practices > Price Discrimination > General Overview
Antitrust & Trade Law > Regulated Practices > Price Discrimination > Promotional Allowances & Services
Antitrust & Trade Law > Robinson-Patman Act > General Overview
Antitrust & Trade Law > Robinson-Patman Act > Claims
Antitrust & Trade Law > Robinson-Patman Act > Coverage > General Overview"
,,
75,HN1[,Antitrust & Trade Law > Robinson-Patman Act > Claims
76,HN2[,"Antitrust & Trade Law > Clayton Act > Claims
Antitrust & Trade Law > Clayton Act > General Overview
Antitrust & Trade Law > Regulated Practices > Private Actions > Prioritizing Resources & Organization for 
Intellectual Property Act
Antitrust & Trade Law > ... > Private Actions > Standing > Clayton Act"
76,HN3[,"Antitrust & Trade Law > ... > Private Actions > Standing > Clayton Act
Antitrust & Trade Law > Clayton Act > General Overview
Antitrust & Trade Law > Clayton Act > Remedies > General Overview
Antitrust & Trade Law > Clayton Act > Remedies > Damages
Antitrust & Trade Law > ... > Private Actions > Remedies > General Overview
Antitrust & Trade Law > Regulated Practices > Private Actions > Prioritizing Resources & Organization for 
Intellectual Property Act
Antitrust & Trade Law > ... > Private Actions > Standing > Robinson-Patman Act
Antitrust & Trade Law > Robinson-Patman Act > General Overview
Antitrust & Trade Law > Robinson-Patman Act > Claims
Antitrust & Trade Law > Robinson-Patman Act > Remedies > General Overview
Antitrust & Trade Law > Robinson-Patman Act > Remedies > Damages"
77,HN4[,"Antitrust & Trade Law > Robinson-Patman Act > Claims
Antitrust & Trade Law > Robinson-Patman Act > General Overview"
77,HN5[,"Antitrust & Trade Law > Robinson-Patman Act > Claims
Antitrust & Trade Law > Regulated Practices > Price Discrimination > Promotional Allowances & Services
Antitrust & Trade Law > Robinson-Patman Act > General Overview"
77,HN6[,Antitrust & Trade Law > Robinson-Patman Act > General Overview
83,Core Terms,"dealers, delivery, tied product, attachment, seller, transportation, tie, plaintiffs', products, tying product, antitrust, 
stock, tying arrangement, delivery service, common carrier, distributor, coercion, tie-in, preliminary injunction, 
courts, instant case, franchise, damages, Defendants', equitable, appears, buyers, merits, million dollars, 
manufacturers"
83,Headnotes,"Civil Procedure > Remedies > Provisional Remedies > General Overview
Civil Procedure > Remedies > Damages > Monetary Damages
Civil Procedure > Remedies > Injunctions > Preliminary & Temporary Injunctions"
,,
83,HN1[,Civil Procedure > Remedies > Provisional Remedies > General Overview
84,HN2[,"Page 2 of 18
 
Civil Procedure > Remedies > Provisional Remedies > General Overview
Civil Procedure > Remedies > General Overview
Civil Procedure > Remedies > Injunctions > General Overview
Civil Procedure > Remedies > Injunctions > Preliminary & Temporary Injunctions
Civil Procedure > Remedies > Provisional Remedies > Attachment
Civil Procedure > Remedies > Provisional Remedies > Civil Arrests
Civil Procedure > Remedies > Provisional Remedies > Replevin
Civil Procedure > Remedies > Provisional Remedies > Sequestration"
84,HN3[,"Business & Corporate Law > ... > Shareholder Actions > Actions Against Corporations > General Overview
Civil Procedure > Remedies > Provisional Remedies > General Overview
Civil Procedure > Remedies > Injunctions > Preliminary & Temporary Injunctions"
84,HN4[,"Civil Procedure > Remedies > Provisional Remedies > Attachment
Civil Procedure > Remedies > Judgment Interest > General Overview
Civil Procedure > Remedies > Provisional Remedies > General Overview"
85,HN5[,"Civil Procedure > ... > Injunctions > Grounds for Injunctions > Likelihood of Success
Constitutional Law > ... > Fundamental Rights > Procedural Due Process > Scope of Protection
Civil Procedure > Remedies > Injunctions > Preliminary & Temporary Injunctions"
85,HN6[,"Antitrust & Trade Law > ... > Monopolies & Monopolization > Conspiracy to Monopolize > Sherman Act
Antitrust & Trade Law > ... > Price Fixing & Restraints of Trade > Tying Arrangements > General Overview
Antitrust & Trade Law > ... > Price Fixing & Restraints of Trade > Tying Arrangements > Sherman Act Violations"
85,HN7[,"Antitrust & Trade Law > ... > Price Fixing & Restraints of Trade > Per Se Rule & Rule of Reason > General 
Overview
Antitrust & Trade Law > ... > Price Fixing & Restraints of Trade > Tying Arrangements > Per Se Rule"
85,HN8[,"Antitrust & Trade Law > ... > Price Fixing & Restraints of Trade > Per Se Rule & Rule of Reason > General 
Overview"
86,HN9[,"Antitrust & Trade Law > Sherman Act > Defenses
Antitrust & Trade Law > ... > Price Fixing & Restraints of Trade > Per Se Rule & Rule of Reason > General 
Overview
Antitrust & Trade Law > ... > Private Actions > Remedies > General Overview"
86,HN10[,"Antitrust & Trade Law > ... > Price Fixing & Restraints of Trade > Tying Arrangements > Sherman Act Violations
Antitrust & Trade Law > ... > Price Fixing & Restraints of Trade > Tying Arrangements > General Overview"
86,HN11[,Antitrust & Trade Law > ... > Price Fixing & Restraints of Trade > Tying Arrangements > General Overview
86,HN12[,Antitrust & Trade Law > ... > Price Fixing & Restraints of Trade > Tying Arrangements > General Overview
87,HN13[,Antitrust & Trade Law > ... > Price Fixing & Restraints of Trade > Tying Arrangements > General Overview
87,HN14[,Antitrust & Trade Law > ... > Price Fixing & Restraints of Trade > Tying Arrangements > General Overview
87,HN15[,"Antitrust & Trade Law > ... > Private Actions > Remedies > General Overview
Antitrust & Trade Law > Regulated Practices > Private Actions > General Overview"
87,HN16[,"""
Antitrust & Trade Law > ... > Price Fixing & Restraints of Trade > Tying Arrangements > General Overview"
87,HN17[,Antitrust & Trade Law > ... > Price Fixing & Restraints of Trade > Tying Arrangements > General Overview
101,Core Terms,"mortgage agreement, mortgagee, escrow, plaintiffs', complaints, mortgagors, summary judgment, deposits, cases, 
motions, banks, escrow account, conspiracy, allegations, mortgage, parties, class action status, class action, 
reciprocal, Antitrust, funds, extend credit, defendants', limitations, monthly, trusts"
101,Headnotes,"Civil Procedure > ... > Responses > Defenses, Demurrers & Objections > General Overview
Civil Procedure > ... > Class Actions > Prerequisites for Class Action > General Overview
Civil Procedure > ... > Class Actions > Prerequisites for Class Action > Numerosity"
,,
101,HN1[,"Civil Procedure > ... > Class Actions > Prerequisites for Class Action > Predominance
Civil Procedure > Special Proceedings > Class Actions > General Overview
Civil Procedure > ... > Class Actions > Prerequisites for Class Action > General Overview"
102,HN2[,Civil Procedure > ... > Class Actions > Prerequisites for Class Action > General Overview
102,HN3[,Civil Procedure > ... > Class Actions > Prerequisites for Class Action > General Overview
102,HN4[,Antitrust & Trade Law > Sherman Act > General Overview
102,HN5[,Civil Procedure > Pleading & Practice > Pleadings > Rule Application & Interpretation
102,HN6[,"Antitrust & Trade Law > Sherman Act > General Overview
Antitrust & Trade Law > Regulated Industries > General Overview"
103,HN7[,"Governments > Legislation > Effect & Operation > Prospective Operation
Governments > Legislation > Effect & Operation > General Overview
Governments > Legislation > Effect & Operation > Retrospective Operation"
103,HN8[,"Antitrust & Trade Law > Sherman Act > General Overview
Governments > Legislation > Statute of Limitations > Time Limitations"
103,HN9[,"Antitrust & Trade Law > Sherman Act > General Overview
Antitrust & Trade Law > ... > Price Fixing & Restraints of Trade > Tying Arrangements > General Overview"
103,HN10[,"Banking Law > Consumer Protection > Truth in Lending > Disclosure
Governments > Legislation > Statute of Limitations > Time Limitations
Banking Law > Consumer Protection > Truth in Lending > General Overview
Banking Law > Consumer Protection > Truth in Lending > Liability for Violations
Governments > Legislation > Statute of Limitations > General Overview"
104,HN11[,"Antitrust & Trade Law > ... > Price Fixing & Restraints of Trade > Exclusive & Reciprocal Dealing > General 
Overview"
104,HN12[,"Banking Law > ... > Bank Accounts > Trust Accounts > General Overview
Estate, Gift & Trust Law > Trusts > General Overview
Real Property Law > Financing > Mortgages & Other Security Instruments > Definitions & Interpretation"
111,Core Terms,"lodestar, settlement, compensated, contingent, attorney's fees, franchisees, expenses, represents, franchise, 
compromise settlement, lower rate, petitioners', contractual, plaintiffs', changes, factors, parties"
118,Core Terms,"competitor, antitrust, bowling, anticompetitive, damages, manufacturer, practices, unfair, Clayton Act, acquisition, 
elimination, centers, effects, switch, stock"
118,Headnotes,"Antitrust & Trade Law > Sherman Act > Remedies > General Overview
Antitrust & Trade Law > Sherman Act > General Overview"
,,
118,HN1[,"Antitrust & Trade Law > Clayton Act > Claims
Commercial Law (UCC) > Sales (Article 2) > Remedies > General Overview
Antitrust & Trade Law > Clayton Act > General Overview
Antitrust & Trade Law > Clayton Act > Remedies > General Overview
Antitrust & Trade Law > Clayton Act > Remedies > Damages
Antitrust & Trade Law > ... > Private Actions > Remedies > General Overview"
119,HN2[,"Civil Procedure > ... > Subject Matter Jurisdiction > Supplemental Jurisdiction > Pendent Claims
Civil Procedure > ... > Subject Matter Jurisdiction > Supplemental Jurisdiction > General Overview"
123,Core Terms,"patent, diode, royalties, license, invention, infringement, patent misuse, manufacturing, disclosure, sealing, glass, 
licensee, invalid, new matter, misrepresentations, fraudulent, license agreement, settlement, patent application, 
thermosetting, envelope, semi-conductor, paste, wire, subject matter, configuration, disclose, patentee, re-entrant, 
original application"
123,Headnotes,"Antitrust & Trade Law > Sherman Act > Claims
Business & Corporate Compliance > ... > Defenses > Inequitable Conduct > Anticompetitive Conduct
Patent Law > ... > Defenses > Inequitable Conduct > Burdens of Proof
Antitrust & Trade Law > ... > Intellectual Property > Bad Faith, Fraud & Nonuse > General Overview
Antitrust & Trade Law > ... > Intellectual Property > Bad Faith, Fraud & Nonuse > Fraud
Antitrust & Trade Law > Regulated Practices > Market Definition > Relevant Market
Patent Law > ... > Defenses > Inequitable Conduct > General Overview"
,,
123,HN1[,"Antitrust & Trade Law > ... > Intellectual Property > Bad Faith, Fraud & Nonuse > General Overview
Criminal Law & Procedure > ... > Acts & Mental States > Mens Rea > Recklessness"
124,HN2[,"Antitrust & Trade Law > ... > Intellectual Property > Bad Faith, Fraud & Nonuse > General Overview
Business & Corporate Compliance > ... > Defenses > Inequitable Conduct > Anticompetitive Conduct"
124,HN3[,"Antitrust & Trade Law > Sherman Act > Defenses
Business & Corporate Compliance > ... > Defenses > Inequitable Conduct > Anticompetitive Conduct
Antitrust & Trade Law > Regulated Practices > Intellectual Property > General Overview
Antitrust & Trade Law > ... > Intellectual Property > Bad Faith, Fraud & Nonuse > General Overview
Antitrust & Trade Law > ... > Intellectual Property > Bad Faith, Fraud & Nonuse > Fraud
Antitrust & Trade Law > ... > Intellectual Property > Misuse of Rights > General Overview
Antitrust & Trade Law > ... > Intellectual Property > Misuse of Rights > Patent Misuse Defense
Antitrust & Trade Law > ... > Intellectual Property > Ownership & Transfer of Rights > Licenses
Antitrust & Trade Law > Sherman Act > Claims
Patent Law > ... > Defenses > Inequitable Conduct > General Overview
Patent Law > Infringement Actions > General Overview
Patent Law > Infringement Actions > Defenses > General Overview
Business & Corporate Compliance > ... > Infringement Actions > Defenses > Misuse
Business & Corporate Compliance > ... > Ownership > Conveyances > Licenses"
125,HN4[,"Page 3 of 23
 
Antitrust & Trade Law > ... > Intellectual Property > Misuse of Rights > Patent Misuse Defense
Business & Corporate Compliance > ... > Defenses > Inequitable Conduct > Anticompetitive Conduct
Antitrust & Trade Law > ... > Intellectual Property > Misuse of Rights > General Overview
Antitrust & Trade Law > ... > Intellectual Property > Ownership & Transfer of Rights > General Overview
Business & Corporate Compliance > ... > Infringement Actions > Defenses > Misuse
Patent Law > Statutory Bars > Abandonment & Forfeiture Bar > Abandonment"
125,HN5[,"Business & Corporate Compliance > ... > Ownership > Conveyances > Assignor & Licensee Estoppel
Antitrust & Trade Law > ... > Intellectual Property > Misuse of Rights > Patent Misuse Defense
Civil Procedure > ... > Responses > Defenses, Demurrers & Objections > Waiver & Preservation of Defenses
Business & Corporate Compliance > ... > Infringement Actions > Defenses > Misuse
Patent Law > Ownership > Conveyances > General Overview
Business & Corporate Compliance > ... > Ownership > Conveyances > Royalties"
125,HN6[,"Contracts Law > Remedies > Rescission & Redhibition > General Overview
Patent Law > ... > Defenses > Inequitable Conduct > Burdens of Proof
Contracts Law > ... > Affirmative Defenses > Fraud & Misrepresentation > General Overview
Contracts Law > ... > Affirmative Defenses > Fraud & Misrepresentation > Material Misrepresentations
Patent Law > ... > Defenses > Inequitable Conduct > General Overview"
126,HN7[,"Page 4 of 23
 
Civil Procedure > Settlements > Releases From Liability > General Overview
Patent Law > ... > Defenses > Patent Invalidity > General Overview
Patent Law > Ownership > Conveyances > General Overview"
126,HN8[,"Patent Law > US Patent & Trademark Office Proceedings > Continuation Applications > Copendency & 
Disclosure
Patent Law > Originality > Joint & Sole Inventorship
Patent Law > US Patent & Trademark Office Proceedings > General Overview
Patent Law > US Patent & Trademark Office Proceedings > Continuation Applications > General Overview"
126,HN9[,Patent Law > Statutory Bars > On Sale Bar > General Overview
126,HN10[,"Patent Law > ... > Inequitable Conduct > Effect, Materiality & Scienter > General Overview
Patent Law > ... > Defenses > Inequitable Conduct > General Overview"
126,HN11[,Patent Law > ... > Specifications > Description Requirement > General Overview
127,HN12[,"Business & Corporate Compliance > ... > Ownership > Conveyances > Assignments
Patent Law > Statutory Bars > Prior Patents & Publications > Foreign Patenting"
127,HN13[,Patent Law > Statutory Bars > Prior Patents & Publications > Foreign Patenting
127,HN14[,"Antitrust & Trade Law > ... > Intellectual Property > Bad Faith, Fraud & Nonuse > Fraud
Business & Corporate Compliance > ... > Defenses > Inequitable Conduct > Anticompetitive Conduct
Antitrust & Trade Law > Regulated Practices > Intellectual Property > General Overview
Antitrust & Trade Law > ... > Intellectual Property > Misuse of Rights > General Overview
Antitrust & Trade Law > ... > Intellectual Property > Misuse of Rights > Patent Misuse Defense
Antitrust & Trade Law > ... > Intellectual Property > Ownership & Transfer of Rights > Licenses
Business & Corporate Compliance > ... > Infringement Actions > Defenses > Misuse"
127,HN15[,"Patent Law > Anticipation & Novelty > General Overview
Patent Law > ... > Inequitable Conduct > Effect, Materiality & Scienter > General Overview"
146,Core Terms,"anti trust law, injunctions, Relations, exemption, boycott, ships, restraint of trade, combine, protest"
151,Core Terms,"attachment, pricing, Robinson-Patman Act, preliminary injunction, defendants', seller, plaintiffs', motions, 
memorandum, provisional remedy, anti trust law, delivery, freight, cases, power of the court, purchasers, antitrust, 
remedies, approve, pricing system, Clayton Act, Sherman Act, provisional, perfected, grounds, buyers, vacate"
151,Headnotes,Antitrust & Trade Law > ... > Price Fixing & Restraints of Trade > Tying Arrangements > General Overview
,,
151,HN1[,"Antitrust & Trade Law > Robinson-Patman Act > Claims
Antitrust & Trade Law > Robinson-Patman Act > General Overview"
151,HN2[,"Antitrust & Trade Law > Robinson-Patman Act > Claims
Antitrust & Trade Law > Robinson-Patman Act > General Overview"
152,HN3[,"Antitrust & Trade Law > Robinson-Patman Act > Claims
Antitrust & Trade Law > Federal Trade Commission Act > General Overview
Antitrust & Trade Law > ... > Price Fixing & Restraints of Trade > Exclusive & Reciprocal Dealing > General 
Overview
Antitrust & Trade Law > Exemptions & Immunities > Robinson-Patman Act Exemptions
Antitrust & Trade Law > Sherman Act > General Overview
Antitrust & Trade Law > Sherman Act > Scope > Exemptions"
152,HN4[,"Antitrust & Trade Law > Robinson-Patman Act > Claims
Antitrust & Trade Law > ... > Price Fixing & Restraints of Trade > Tying Arrangements > General Overview
Antitrust & Trade Law > Robinson-Patman Act > General Overview"
152,HN5[,Antitrust & Trade Law > Regulated Practices > Price Discrimination > Buyer Liability
152,HN6[,"Antitrust & Trade Law > Clayton Act > Remedies > General Overview
Civil Procedure > Remedies > Judgment Liens > General Overview
Antitrust & Trade Law > Clayton Act > General Overview
Antitrust & Trade Law > Clayton Act > Scope"
153,HN7[,Civil Procedure > Remedies > Provisional Remedies > General Overview
160,Core Terms,"church, license, delegation, liquor, veto, liquor license, ban, outlets, schools, religious, feet, anticompetitive, 
antitrust, exemption, secular, violates, parties, cases, clear statement, supervised, entities, immunity, religion"
160,Headnotes,"Constitutional Law > ... > Fundamental Freedoms > Freedom of Religion > Establishment of Religion
Constitutional Law > Bill of Rights > Fundamental Freedoms > General Overview"
,,
160,HN1[,"Constitutional Law > Bill of Rights > Fundamental Freedoms > General Overview
Criminal Law & Procedure > ... > Alcohol Related Offenses > Distribution & Sale > General Overview
Constitutional Law > Prohibition
Criminal Law & Procedure > Criminal Offenses > Alcohol Related Offenses > General Overview"
161,HN2[,"Page 2 of 13
 
Constitutional Law > Bill of Rights > Fundamental Freedoms > General Overview
Governments > State & Territorial Governments > Licenses
Constitutional Law > Prohibition"
161,HN3[,"Governments > Legislation > Enactment
Governments > State & Territorial Governments > Licenses"
161,HN4[,Governments > State & Territorial Governments > Licenses
161,HN5[,"Constitutional Law > ... > Fundamental Rights > Procedural Due Process > Scope of Protection
Governments > State & Territorial Governments > Licenses"
161,HN6[,"Constitutional Law > ... > Fundamental Rights > Procedural Due Process > Scope of Protection
Governments > State & Territorial Governments > Licenses"
162,HN7[,Constitutional Law > ... > Fundamental Freedoms > Freedom of Religion > Establishment of Religion
162,HN8[,"Constitutional Law > ... > Fundamental Freedoms > Freedom of Religion > Establishment of Religion
Education Law > Religion in Schools > Establishment Clause Protections"
162,HN9[,"Constitutional Law > ... > Fundamental Freedoms > Freedom of Religion > Establishment of Religion
Governments > Legislation > Interpretation
Governments > State & Territorial Governments > Licenses"
162,HN10[,"Business & Corporate Compliance > ... > Real Property Law > Zoning > Ordinances
Constitutional Law > ... > Fundamental Freedoms > Freedom of Religion > Establishment of Religion"
163,HN11[,"Constitutional Law > Prohibition
Governments > State & Territorial Governments > Licenses"
163,HN12[,Constitutional Law > Equal Protection > Nature & Scope of Protection
163,HN13[,"Antitrust & Trade Law > Exemptions & Immunities > Parker State Action Doctrine > Scope
Antitrust & Trade Law > Exemptions & Immunities > Parker State Action Doctrine > General Overview"
163,HN14[,"Antitrust & Trade Law > Exemptions & Immunities > Parker State Action Doctrine > General Overview
Governments > State & Territorial Governments > Licenses"
164,HN15[,"Antitrust & Trade Law > Exemptions & Immunities > Parker State Action Doctrine > Local Governments & 
Private Parties
Governments > State & Territorial Governments > Licenses
Antitrust & Trade Law > Exemptions & Immunities > Parker State Action Doctrine > General Overview"
173,Core Terms,"newspapers, distributors, independent distributor, monopolize, merits, papers, distributorships, circulation, 
distribute, vertically, anti-competitive, carriers, monopoly power, antitrust, delivery, damages, Sherman Act, 
advertising, elimination, reasons, preliminary injunction, customer list, combined, appears, vertical integration, 
secondary market, anti trust law, retail price, competitors, subscribers"
173,Headnotes,Civil Procedure > Remedies > Injunctions > Preliminary & Temporary Injunctions
,,
173,HN1[,Civil Procedure > Remedies > Injunctions > Preliminary & Temporary Injunctions
173,HN2[,Civil Procedure > Remedies > Injunctions > Preliminary & Temporary Injunctions
174,HN3[,"Page 2 of 13
 
Antitrust & Trade Law > Sherman Act > General Overview"
174,HN4[,Antitrust & Trade Law > Sherman Act > General Overview
174,HN5[,Antitrust & Trade Law > Regulated Practices > Market Definition > General Overview
174,HN6[,Antitrust & Trade Law > Regulated Practices > Market Definition > General Overview
174,HN7[,Antitrust & Trade Law > ... > Monopolies & Monopolization > Actual Monopolization > General Overview
174,HN8[,Antitrust & Trade Law > ... > Monopolies & Monopolization > Actual Monopolization > General Overview
174,HN9[,Antitrust & Trade Law > Sherman Act > Claims
175,HN10[,"Trade Secrets Law > Protected Information > Customer Lists
Torts > Business Torts > Unfair Business Practices > General Overview
Trade Secrets Law > Trade Secret Determination Factors > Property Rights
Trade Secrets Law > Misappropriation Actions > General Overview
Trade Secrets Law > Misappropriation Actions > Elements of Misappropriation > Use"
186,Core Terms,"kennel, labor organization, dogs, independent contractor, group boycott, defendants', antitrust, employees, plaintiffs'"
189,Core Terms,"snubbers, mechanical, pipe, monopolize, contracts, discounts, prices, manufacturer, hanger, summary judgment 
motion, Clayton Act, antitrust, exhibits, summary judgment, authenticated, competitors, memorandum, selling, 
patent, conspiracy, terminated, customers, predatory, Robinson-Patman Act, Sherman Act, foreclose, asserts, 
phase, anti trust law, monopoly power"
189,Headnotes,"Civil Procedure > ... > Summary Judgment > Opposing Materials > General Overview
Evidence > Authentication > General Overview
Civil Procedure > ... > Summary Judgment > Burdens of Proof > General Overview
Civil Procedure > ... > Summary Judgment > Entitlement as Matter of Law > Genuine Disputes
Civil Procedure > ... > Summary Judgment > Supporting Materials > General Overview"
,,
189,HN1[,Evidence > Authentication > General Overview
190,HN2[,"Page 2 of 15
 
Civil Procedure > ... > Summary Judgment > Entitlement as Matter of Law > Appropriateness
Civil Procedure > ... > Summary Judgment > Opposing Materials > General Overview
Civil Procedure > Judgments > Summary Judgment > Partial Summary Judgment
Civil Procedure > ... > Summary Judgment > Entitlement as Matter of Law > General Overview"
190,HN3[,"Antitrust & Trade Law > Clayton Act > Claims
Antitrust & Trade Law > Clayton Act > General Overview"
190,HN4[,Antitrust & Trade Law > ... > Private Actions > Remedies > General Overview
190,HN5[,"Business & Corporate Compliance > ... > Contracts Law > Types of Contracts > Output & Requirements 
Contracts
Contracts Law > Contract Interpretation > Ambiguities & Contra Proferentem > General Overview"
190,HN6[,"Antitrust & Trade Law > ... > Price Fixing & Restraints of Trade > Exclusive & Reciprocal 
Dealing > Requirements Contracts"
191,HN7[,"Antitrust & Trade Law > Clayton Act > Defenses
Antitrust & Trade Law > Clayton Act > General Overview"
191,HN8[,"Antitrust & Trade Law > Robinson-Patman Act > Claims
Antitrust & Trade Law > Clayton Act > General Overview
Antitrust & Trade Law > ... > Price Discrimination > Competitive Injuries > General Overview
Antitrust & Trade Law > Robinson-Patman Act > Coverage > Commerce Requirement"
191,HN9[,"Antitrust & Trade Law > Robinson-Patman Act > Claims
Antitrust & Trade Law > ... > Price Discrimination > Competitive Injuries > General Overview
Antitrust & Trade Law > Robinson-Patman Act > General Overview"
191,HN10[,Antitrust & Trade Law > ... > Price Discrimination > Competitive Injuries > General Overview
192,HN11[,"Antitrust & Trade Law > Robinson-Patman Act > Claims
Antitrust & Trade Law > ... > Actual Monopolization > Anticompetitive & Predatory Practices > General 
Overview
Antitrust & Trade Law > ... > Price Discrimination > Competitive Injuries > General Overview
Antitrust & Trade Law > Robinson-Patman Act > General Overview"
192,HN12[,"Antitrust & Trade Law > Robinson-Patman Act > Defenses
Antitrust & Trade Law > Clayton Act > Defenses
Antitrust & Trade Law > ... > Price Discrimination > Defenses > General Overview
Antitrust & Trade Law > Robinson-Patman Act > General Overview
Antitrust & Trade Law > Robinson-Patman Act > Claims"
192,HN13[,Antitrust & Trade Law > ... > Price Discrimination > Defenses > General Overview
192,HN14[,"Antitrust & Trade Law > ... > Monopolies & Monopolization > Conspiracy to Monopolize > Sherman Act
Criminal Law & Procedure > ... > Inchoate Crimes > Conspiracy > Elements
Antitrust & Trade Law > ... > Monopolies & Monopolization > Actual Monopolization > General Overview"
193,HN15[,Antitrust & Trade Law > ... > Monopolies & Monopolization > Actual Monopolization > General Overview
193,HN16[,Antitrust & Trade Law > ... > Monopolies & Monopolization > Actual Monopolization > General Overview
193,HN17[,"Antitrust & Trade Law > ... > Monopolies & Monopolization > Attempts to Monopolize > General Overview
Criminal Law & Procedure > ... > Inchoate Crimes > Attempt > Elements
Criminal Law & Procedure > ... > Inchoate Crimes > Attempt > General Overview
Criminal Law & Procedure > ... > Acts & Mental States > Mens Rea > Specific Intent"
193,HN18[,Antitrust & Trade Law > ... > Monopolies & Monopolization > Conspiracy to Monopolize > General Overview
204,Core Terms,"indemnification, antitrust, attorney's fees, violations, parties, argues, anti trust law, indemnity, cases, common law, 
petroleum"
204,Headnotes,"Antitrust & Trade Law > ... > Private Actions > Remedies > General Overview
Civil Procedure > ... > Federal & State Interrelationships > Federal Common Law > General Overview
Civil Procedure > Preliminary Considerations > Federal & State Interrelationships > General Overview"
,,
204,HN1[,"Antitrust & Trade Law > ... > Private Actions > Remedies > General Overview
Civil Procedure > ... > Federal & State Interrelationships > Choice of Law > General Overview
Torts > ... > Multiple Defendants > Contribution > General Overview"
204,HN2[,Antitrust & Trade Law > ... > Private Actions > Remedies > General Overview
205,HN3[,Contracts Law > Contract Interpretation > General Overview
205,HN4[,"Contracts Law > Contract Interpretation > Ambiguities & Contra Proferentem > General Overview
Evidence > Types of Evidence > Documentary Evidence > Parol Evidence
Contracts Law > Contract Interpretation > Parol Evidence > General Overview
Contracts Law > Defenses > Ambiguities & Mistakes > General Overview"
205,HN5[,"Contracts Law > Contract Interpretation > Ambiguities & Contra Proferentem > General Overview
Contracts Law > Defenses > Ambiguities & Mistakes > General Overview"
205,HN6[,"Business & Corporate Compliance > ... > Contracts Law > Contract Conditions & Provisions > Indemnity 
Clauses
Civil Procedure > ... > Attorney Fees & Expenses > Basis of Recovery > American Rule"
211,Core Terms,"Church, religion, alleges, counts, religious, venue, auditing, courts, enterprise, representations, entitled to 
protection, motion to dismiss, conspiracy, personal jurisdiction, religious belief, treble damages, fraudulent, amend, 
conspiracy theory, Fair Labor Standards Act, protections, second amended complaint, fail to state a claim, 
racketeering activity, defense motion, scientifically, defendants', secular, intentional infliction of emotional distress, 
religious organization"
211,Headnotes,"Civil Procedure > ... > Pleadings > Amendment of Pleadings > Leave of Court
Civil Procedure > ... > Pleadings > Amendment of Pleadings > General Overview"
,,
211,HN1[,"Civil Procedure > ... > In Rem & Personal Jurisdiction > In Personam Actions > General Overview
Criminal Law & Procedure > ... > Inchoate Crimes > Conspiracy > Elements
Torts > ... > Concerted Action > Civil Conspiracy > General Overview
Criminal Law & Procedure > ... > Inchoate Crimes > Conspiracy > General Overview"
212,HN2[,"Antitrust & Trade Law > ... > Private Actions > Racketeer Influenced & Corrupt Organizations > General 
Overview
Civil Procedure > Preliminary Considerations > Venue > Agents
Civil Procedure > Preliminary Considerations > Venue > General Overview
Civil Procedure > Preliminary Considerations > Venue > Corporations"
212,HN3[,"Civil Procedure > Preliminary Considerations > Venue > Individual Defendants
Antitrust & Trade Law > ... > Private Actions > Racketeer Influenced & Corrupt Organizations > General 
Overview
Civil Procedure > Preliminary Considerations > Venue > General Overview
Civil Procedure > Preliminary Considerations > Venue > Multiparty Litigation
Civil Procedure > Preliminary Considerations > Venue > Special Venue"
212,HN4[,"Civil Procedure > Preliminary Considerations > Venue > Corporations
Civil Procedure > Preliminary Considerations > Venue > General Overview"
213,HN5[,"Page 3 of 21
 
Constitutional Law > ... > Fundamental Freedoms > Freedom of Religion > Free Exercise of Religion
Constitutional Law > Bill of Rights > Fundamental Freedoms > General Overview
Constitutional Law > ... > Fundamental Freedoms > Freedom of Religion > General Overview
Constitutional Law > ... > Fundamental Freedoms > Judicial & Legislative Restraints > Overbreadth & 
Vagueness of Legislation"
213,HN6[,"Antitrust & Trade Law > ... > Private Actions > Racketeer Influenced & Corrupt Organizations > General 
Overview
Criminal Law & Procedure > ... > Racketeering > Racketeer Influenced & Corrupt Organizations Act > General 
Overview"
213,HN7[,"Antitrust & Trade Law > ... > Private Actions > Racketeer Influenced & Corrupt Organizations > General 
Overview"
213,HN8[,"Antitrust & Trade Law > ... > Private Actions > Racketeer Influenced & Corrupt Organizations > General 
Overview
Criminal Law & Procedure > ... > Racketeering > Racketeer Influenced & Corrupt Organizations Act > General 
Overview"
214,HN9[,"Antitrust & Trade Law > ... > Private Actions > Racketeer Influenced & Corrupt Organizations > General 
Overview
Criminal Law & Procedure > ... > Racketeering > Racketeer Influenced & Corrupt Organizations Act > Elements
Criminal Law & Procedure > ... > Racketeering > Racketeer Influenced & Corrupt Organizations Act > General 
Overview"
214,HN10[,"Antitrust & Trade Law > Clayton Act > Remedies > Damages
Criminal Law & Procedure > ... > Racketeering > Racketeer Influenced & Corrupt Organizations Act > General 
Overview
Antitrust & Trade Law > Clayton Act > General Overview
Antitrust & Trade Law > Clayton Act > Remedies > General Overview
Antitrust & Trade Law > Regulated Practices > Private Actions > Prioritizing Resources & Organization for 
Intellectual Property Act
Antitrust & Trade Law > ... > Private Actions > Racketeer Influenced & Corrupt Organizations > General 
Overview"
214,HN11[,"Antitrust & Trade Law > ... > Private Actions > Racketeer Influenced & Corrupt Organizations > General 
Overview"
215,HN12[,"Page 5 of 21
 
Antitrust & Trade Law > ... > Racketeer Influenced & Corrupt Organizations > Claims > General Overview
Criminal Law & Procedure > ... > Racketeering > Racketeer Influenced & Corrupt Organizations Act > General 
Overview
Antitrust & Trade Law > ... > Private Actions > Remedies > General Overview
Antitrust & Trade Law > ... > Private Actions > Racketeer Influenced & Corrupt Organizations > General 
Overview"
215,HN13[,"Constitutional Law > ... > Fundamental Freedoms > Freedom of Religion > Free Exercise of Religion
Constitutional Law > Bill of Rights > Fundamental Freedoms > General Overview
Constitutional Law > ... > Fundamental Freedoms > Freedom of Religion > General Overview"
215,HN14[,"Torts > Intentional Torts > Intentional Infliction of Emotional Distress > Elements
Torts > Intentional Torts > Intentional Infliction of Emotional Distress > General Overview"
215,HN15[,Constitutional Law > ... > Fundamental Freedoms > Freedom of Religion > Free Exercise of Religion
216,HN16[,"Civil Procedure > ... > Relief From Judgments > Grounds for Relief from Final Judgment, Order or 
Proceeding > Fraud, Misconduct & Misrepresentation
Constitutional Law > ... > Fundamental Freedoms > Freedom of Religion > Free Exercise of Religion"
216,HN17[,"Constitutional Law > ... > Fundamental Freedoms > Freedom of Religion > Free Exercise of Religion
Constitutional Law > Bill of Rights > Fundamental Freedoms > General Overview
Constitutional Law > ... > Fundamental Freedoms > Freedom of Religion > General Overview"
216,HN18[,Constitutional Law > ... > Fundamental Freedoms > Freedom of Religion > Establishment of Religion
216,HN19[,"Constitutional Law > ... > Fundamental Freedoms > Freedom of Religion > Free Exercise of Religion
Constitutional Law > ... > Fundamental Freedoms > Freedom of Religion > General Overview"
232,Core Terms,"snubbers, mechanical, discounts, sizes, contracts, hydraulic, pipe, market power, hanger, plant, cancellation, 
manufactured, schedules, smaller, orders, prices, negotiation, purchases, customer, phase, shock, minimum 
amount, purchase order, Sherman Act, patent, exclusionary, projected, delivery, obliged, costs"
232,Headnotes,"Antitrust & Trade Law > Regulated Practices > Market Definition > Relevant Market
Energy & Utilities Law > Oil, Gas & Mineral Interests > Purchase Contracts > Preference & Priority Customers
Antitrust & Trade Law > Regulated Practices > Market Definition > General Overview"
,,
232,HN1[,Antitrust & Trade Law > ... > Private Actions > Remedies > General Overview
232,HN2[,"Antitrust & Trade Law > ... > Actual Monopolization > Anticompetitive & Predatory Practices > General 
Overview
Antitrust & Trade Law > ... > Private Actions > Remedies > General Overview"
233,HN3[,"Antitrust & Trade Law > ... > Actual Monopolization > Anticompetitive & Predatory Practices > General 
Overview
Antitrust & Trade Law > Regulated Practices > Price Discrimination > General Overview
Antitrust & Trade Law > ... > Private Actions > Remedies > General Overview"
241,Core Terms,"state court, parties, counterclaim, federal court, res judicata, proceedings, guarantors, collateral, affirmative 
defense, res judicata effect, litigate, mootness, courts, federal district court, reconsideration motion, state supreme 
court, cause of action, Tie-in, rights, motion to dismiss, preclusive effect, federal claim, intervening, purposes, court 
of appeals, pleadings, joined, principal debtor, anti trust law, render moot"
258,Core Terms,"tire, tracks, racing, season, promoters, track-tire, sports, modified, drivers, tire company, testing, rule of reason, 
manufacturers, regulation, Sherman Act, group boycott, sanctioning, conspiracy, designated, automobile racing, 
anti trust law, brand, rules committee, competitors, cases, anticompetitive, participated, single-brand, injunction, 
purposes"
258,Headnotes,Antitrust & Trade Law > Sherman Act > General Overview
,,
258,HN1[,Antitrust & Trade Law > Sherman Act > General Overview
258,HN2[,"Antitrust & Trade Law > Sherman Act > General Overview
Business & Corporate Law > Distributorships & Franchises > Causes of Action > Restraints of Trade
Antitrust & Trade Law > ... > Monopolies & Monopolization > Conspiracy to Monopolize > Sherman Act"
259,HN3[,"Antitrust & Trade Law > ... > Price Fixing & Restraints of Trade > Per Se Rule & Rule of Reason > Sherman Act
Antitrust & Trade Law > ... > Price Fixing & Restraints of Trade > Per Se Rule & Rule of Reason > General 
Overview"
259,HN4[,"Antitrust & Trade Law > ... > Price Fixing & Restraints of Trade > Horizontal Refusals to Deal > General 
Overview"
259,HN5[,"Antitrust & Trade Law > ... > Price Fixing & Restraints of Trade > Horizontal Refusals to Deal > General 
Overview"
259,HN6[,"Antitrust & Trade Law > ... > Price Fixing & Restraints of Trade > Vertical Restraints > General Overview
Business & Corporate Law > Distributorships & Franchises > Causes of Action > Restraints of Trade
Antitrust & Trade Law > ... > Price Fixing & Restraints of Trade > Per Se Rule & Rule of Reason > General 
Overview
Antitrust & Trade Law > ... > Price Fixing & Restraints of Trade > Per Se Rule & Rule of Reason > Per Se 
Violations
Business & Corporate Law > Distributorships & Franchises > Causes of Action > General Overview"
260,HN7[,"Antitrust & Trade Law > ... > Price Fixing & Restraints of Trade > Vertical Restraints > General Overview
Antitrust & Trade Law > ... > Price Fixing & Restraints of Trade > Cartels & Horizontal Restraints > General 
Overview"
260,HN8[,"Antitrust & Trade Law > ... > Per Se Rule & Rule of Reason > Practices Governed by Per Se Rule > Boycotts
Antitrust & Trade Law > ... > Price Fixing & Restraints of Trade > Per Se Rule & Rule of Reason > General 
Overview"
260,HN9[,"Antitrust & Trade Law > Regulated Industries > Sports > Baseball
Business & Corporate Compliance > ... > Business & Corporate Law > Cooperatives > Formation
Antitrust & Trade Law > Regulated Industries > Sports > General Overview
Antitrust & Trade Law > ... > Price Fixing & Restraints of Trade > Horizontal Refusals to Deal > General 
Overview
Antitrust & Trade Law > ... > Price Fixing & Restraints of Trade > Per Se Rule & Rule of Reason > General 
Overview
Antitrust & Trade Law > ... > Per Se Rule & Rule of Reason > Practices Governed by Per Se Rule > Boycotts
Business & Corporate Law > Cooperatives > General Overview"
261,HN10[,"Antitrust & Trade Law > Regulated Industries > Sports > General Overview
Antitrust & Trade Law > ... > Price Fixing & Restraints of Trade > Per Se Rule & Rule of Reason > General 
Overview"
261,HN11[,"Antitrust & Trade Law > Regulated Industries > Higher Education & Professional Associations > General 
Overview
Antitrust & Trade Law > ... > Price Fixing & Restraints of Trade > Per Se Rule & Rule of Reason > General 
Overview
Antitrust & Trade Law > ... > Per Se Rule & Rule of Reason > Per Se Rule Tests > Manifestly Anticompetitive 
Effects"
261,HN12[,"Antitrust & Trade Law > Regulated Industries > Sports > General Overview
Securities Law > ... > Self-Regulating Entities > National Securities Exchanges > New York Stock Exchange
Antitrust & Trade Law > ... > Price Fixing & Restraints of Trade > Per Se Rule & Rule of Reason > General 
Overview
Securities Law > ... > Self-Regulating Entities > National Securities Exchanges > General Overview"
262,HN13[,Antitrust & Trade Law > Sherman Act > General Overview
262,HN14[,"Antitrust & Trade Law > Regulated Industries > Higher Education & Professional Associations > General 
Overview
Antitrust & Trade Law > ... > Price Fixing & Restraints of Trade > Per Se Rule & Rule of Reason > Sherman Act
Antitrust & Trade Law > Sherman Act > General Overview"
262,HN15[,Antitrust & Trade Law > Sherman Act > General Overview
262,HN16[,"Antitrust & Trade Law > ... > Price Fixing & Restraints of Trade > Per Se Rule & Rule of Reason > General 
Overview
Antitrust & Trade Law > Regulated Practices > Market Definition > General Overview
Antitrust & Trade Law > Regulated Practices > Market Definition > Relevant Market"
263,HN17[,"Page 6 of 19
 
Antitrust & Trade Law > ... > Private Actions > Remedies > General Overview"
263,HN18[,"Antitrust & Trade Law > Clayton Act > Remedies > Damages
Civil Procedure > Remedies > Injunctions > Permanent Injunctions
Antitrust & Trade Law > Clayton Act > General Overview
Antitrust & Trade Law > Clayton Act > Remedies > General Overview
Antitrust & Trade Law > Clayton Act > Remedies > Injunctions"
277,Core Terms,"advertising, distributed, Dealer, trade show, trade publication, attend, exhibitors, space, booth, exhibition, 
exposition, monopoly power, antitrust, prevail, Sherman Act, injunction, products, rates, monopolize, rental, relevant 
market, newspapers, attendees, hotels, preliminary injunction, sufficient showing, magazines, contends, monopoly, 
violates"
277,Headnotes,"Civil Procedure > Remedies > Injunctions > Preliminary & Temporary Injunctions
Civil Procedure > ... > Injunctions > Grounds for Injunctions > Public Interest"
,,
277,HN1[,"Antitrust & Trade Law > ... > Monopolies & Monopolization > Actual Monopolization > General Overview
Antitrust & Trade Law > Regulated Practices > Market Definition > Relevant Market
Antitrust & Trade Law > Sherman Act > General Overview"
278,HN2[,"Antitrust & Trade Law > Regulated Practices > Market Definition > General Overview
Antitrust & Trade Law > Sherman Act > General Overview"
278,HN3[,"Antitrust & Trade Law > Sherman Act > General Overview
Civil Procedure > ... > Federal & State Interrelationships > Federal Common Law > General Overview
Antitrust & Trade Law > Regulated Practices > Trade Practices & Unfair Competition > General Overview
Civil Procedure > Preliminary Considerations > Federal & State Interrelationships > General Overview"
278,HN4[,"Antitrust & Trade Law > Public Enforcement > US Federal Trade Commission Actions > General Overview
Banking Law > Federal Acts > Federal Trade Commission Act > Unfair Competition & Practices
Antitrust & Trade Law > Clayton Act > Scope
Antitrust & Trade Law > Consumer Protection > Deceptive & Unfair Trade Practices > General Overview
Antitrust & Trade Law > Federal Trade Commission Act > General Overview
Antitrust & Trade Law > Sherman Act > General Overview
Governments > Legislation > Interpretation"
279,HN5[,"Antitrust & Trade Law > ... > Price Fixing & Restraints of Trade > Horizontal Refusals to Deal > General 
Overview
Antitrust & Trade Law > Regulated Practices > Trade Practices & Unfair Competition > General Overview"
287,Core Terms,"insureds, shops, provider, repair shop, insurance company, summary judgment, repair, insurance business, 
automobile repair, allegations, boycott, purchases, recommends, antitrust, regulated, rule of reason, Sherman Act, 
policyholders, estimate, automobile insurance, McCarran-Ferguson Act, concerted, output, genuine issue, price 
fixing, repair costs, repair work, body shop, constitutes, defamatory"
303,Core Terms,"gasoline, customers, rental, Deposition, products, rented, tying arrangement, defendants', anti trust law, summary 
judgment, retail, tied product, car rental, antitrust, tank, buy"
